t,frame_idx,people,patient_found,caregiver_present,track_id,box_conf,visible_kp,torso_angle,knee_angle,hip_in_bed,bed_overlap,hip_x,hip_y,box_h,speed,raw_state,reason,smoothed,agent_state,final,gt
0.0,0,2,False,True,,,0.0,,,,,,,,,UNKNOWN,occluded_by_caregiver,UNKNOWN,LYING_IN_BED,LYING_IN_BED,LYING_IN_BED
0.5,15,1,False,True,,,0.0,,,,,,,,,UNKNOWN,occluded_by_caregiver,UNKNOWN,LYING_IN_BED,LYING_IN_BED,LYING_IN_BED
1.0,30,1,False,True,,,0.0,,,,,,,,,UNKNOWN,occluded_by_caregiver,UNKNOWN,LYING_IN_BED,LYING_IN_BED,LYING_IN_BED
1.5,45,1,False,True,,,0.0,,,,,,,,,UNKNOWN,occluded_by_caregiver,UNKNOWN,LYING_IN_BED,LYING_IN_BED,LYING_IN_BED
2.0,60,1,False,True,,,0.0,,,,,,,,,UNKNOWN,occluded_by_caregiver,UNKNOWN,LYING_IN_BED,LYING_IN_BED,LYING_IN_BED
2.5,75,1,False,True,,,0.0,,,,,,,,,UNKNOWN,occluded_by_caregiver,UNKNOWN,LYING_IN_BED,LYING_IN_BED,LYING_IN_BED
3.0,90,1,False,True,,,0.0,,,,,,,,,UNKNOWN,occluded_by_caregiver,UNKNOWN,LYING_IN_BED,LYING_IN_BED,LYING_IN_BED
3.5,105,1,False,True,,,0.0,,,,,,,,,UNKNOWN,occluded_by_caregiver,UNKNOWN,LYING_IN_BED,LYING_IN_BED,LYING_IN_BED
4.0,120,1,False,True,,,0.0,,,,,,,,,UNKNOWN,occluded_by_caregiver,UNKNOWN,LYING_IN_BED,LYING_IN_BED,LYING_IN_BED
4.5,135,1,False,True,,,0.0,,,,,,,,,UNKNOWN,occluded_by_caregiver,UNKNOWN,LYING_IN_BED,LYING_IN_BED,LYING_IN_BED
5.0,150,1,False,True,,,0.0,,,,,,,,,UNKNOWN,occluded_by_caregiver,UNKNOWN,LYING_IN_BED,LYING_IN_BED,LYING_IN_BED
5.5,165,1,False,True,,,0.0,,,,,,,,,UNKNOWN,occluded_by_caregiver,UNKNOWN,LYING_IN_BED,LYING_IN_BED,LYING_IN_BED
6.0,180,2,False,True,,,0.0,,,,,,,,,UNKNOWN,occluded_by_caregiver,UNKNOWN,LYING_IN_BED,LYING_IN_BED,LYING_IN_BED
6.5,195,1,False,True,,,0.0,,,,,,,,,UNKNOWN,occluded_by_caregiver,UNKNOWN,LYING_IN_BED,LYING_IN_BED,LYING_IN_BED
7.0,210,1,False,True,,,0.0,,,,,,,,,UNKNOWN,occluded_by_caregiver,UNKNOWN,LYING_IN_BED,LYING_IN_BED,LYING_IN_BED
7.5,225,1,False,True,,,0.0,,,,,,,,,UNKNOWN,occluded_by_caregiver,UNKNOWN,LYING_IN_BED,LYING_IN_BED,LYING_IN_BED
8.0,240,1,False,True,,,0.0,,,,,,,,,UNKNOWN,occluded_by_caregiver,UNKNOWN,LYING_IN_BED,LYING_IN_BED,LYING_IN_BED
8.5,255,1,False,True,,,0.0,,,,,,,,,UNKNOWN,occluded_by_caregiver,UNKNOWN,LYING_IN_BED,LYING_IN_BED,LYING_IN_BED
9.0,270,1,False,True,,,0.0,,,,,,,,,UNKNOWN,occluded_by_caregiver,UNKNOWN,LYING_IN_BED,LYING_IN_BED,LYING_IN_BED
9.5,285,1,False,True,,,0.0,,,,,,,,,UNKNOWN,occluded_by_caregiver,UNKNOWN,LYING_IN_BED,LYING_IN_BED,LYING_IN_BED
10.0,300,1,False,True,,,0.0,,,,,,,,,UNKNOWN,occluded_by_caregiver,UNKNOWN,LYING_IN_BED,LYING_IN_BED,LYING_IN_BED
10.5,315,1,False,True,,,0.0,,,,,,,,,UNKNOWN,occluded_by_caregiver,UNKNOWN,LYING_IN_BED,LYING_IN_BED,LYING_IN_BED
11.0,330,1,False,True,,,0.0,,,,,,,,,UNKNOWN,occluded_by_caregiver,UNKNOWN,LYING_IN_BED,LYING_IN_BED,LYING_IN_BED
11.5,345,1,False,True,,,0.0,,,,,,,,,UNKNOWN,occluded_by_caregiver,UNKNOWN,LYING_IN_BED,LYING_IN_BED,LYING_IN_BED
12.0,360,1,False,True,,,0.0,,,,,,,,,UNKNOWN,occluded_by_caregiver,UNKNOWN,LYING_IN_BED,LYING_IN_BED,LYING_IN_BED
12.5,375,1,False,True,,,0.0,,,,,,,,,UNKNOWN,occluded_by_caregiver,UNKNOWN,LYING_IN_BED,LYING_IN_BED,LYING_IN_BED
13.0,390,1,False,True,,,0.0,,,,,,,,,UNKNOWN,occluded_by_caregiver,UNKNOWN,LYING_IN_BED,LYING_IN_BED,LYING_IN_BED
13.5,405,2,False,True,,,0.0,,,,,,,,,UNKNOWN,occluded_by_caregiver,UNKNOWN,LYING_IN_BED,LYING_IN_BED,LYING_IN_BED
14.0,420,3,False,True,,,0.0,,,,,,,,,UNKNOWN,occluded_by_caregiver,UNKNOWN,LYING_IN_BED,LYING_IN_BED,LYING_IN_BED
14.5,435,2,False,True,,,0.0,,,,,,,,,UNKNOWN,occluded_by_caregiver,UNKNOWN,LYING_IN_BED,LYING_IN_BED,LYING_IN_BED
15.0,450,1,False,True,,,0.0,,,,,,,,,UNKNOWN,occluded_by_caregiver,UNKNOWN,LYING_IN_BED,LYING_IN_BED,LYING_IN_BED
15.5,465,1,False,True,,,0.0,,,,,,,,,UNKNOWN,occluded_by_caregiver,UNKNOWN,LYING_IN_BED,LYING_IN_BED,LYING_IN_BED
16.0,480,1,False,True,,,0.0,,,,,,,,,UNKNOWN,occluded_by_caregiver,UNKNOWN,LYING_IN_BED,LYING_IN_BED,LYING_IN_BED
16.5,495,0,False,False,,,0.0,,,,,,,,,UNKNOWN,not_visible,UNKNOWN,LYING_IN_BED,LYING_IN_BED,LYING_IN_BED
17.0,510,0,False,False,,,0.0,,,,,,,,,UNKNOWN,not_visible,UNKNOWN,LYING_IN_BED,LYING_IN_BED,LYING_IN_BED
17.5,525,3,False,True,,,0.0,,,,,,,,,UNKNOWN,occluded_by_caregiver,UNKNOWN,LYING_IN_BED,LYING_IN_BED,LYING_IN_BED
18.0,540,0,False,False,,,0.0,,,,,,,,,UNKNOWN,not_visible,UNKNOWN,LYING_IN_BED,LYING_IN_BED,SITTING_ON_BED
18.5,555,2,False,True,,,0.0,,,,,,,,,UNKNOWN,occluded_by_caregiver,UNKNOWN,LYING_IN_BED,LYING_IN_BED,SITTING_ON_BED
19.0,570,1,True,False,12.0,0.5240548849105835,10.0,37.58243942260742,,True,1.0,262.8793029785156,324.67156982421875,218.3258819580078,,UNKNOWN,ambiguous_posture,UNKNOWN,LYING_IN_BED,LYING_IN_BED,SITTING_ON_BED
19.5,585,1,True,False,12.0,0.24402646720409393,11.0,74.64904022216797,47.14194869995117,True,0.9751572673806409,304.41583251953125,323.0155334472656,250.5126953125,0.3318756278305672,SITTING_ON_BED,rule,SITTING_ON_BED,SITTING_ON_BED,SITTING_ON_BED,SITTING_ON_BED
20.0,600,1,True,False,12.0,0.8981920480728149,15.0,77.85967254638672,96.60706329345703,True,0.7589989407126133,314.0573425292969,298.70086669921875,295.9989013671875,0.25430464700533423,SITTING_ON_BED,rule,SITTING_ON_BED,SITTING_ON_BED,SITTING_ON_BED,SITTING_ON_BED
20.5,615,1,True,False,,0.791626513004303,12.0,85.01998138427734,,True,0.8720814917107664,337.1666259765625,313.3866882324219,221.311279296875,0.25201716600856533,SITTING_ON_BED,rule,SITTING_ON_BED,SITTING_ON_BED,SITTING_ON_BED,SITTING_ON_BED
21.0,630,1,True,False,12.0,0.8392672538757324,16.0,88.46268463134766,98.2216796875,True,0.7217831623634424,319.03485107421875,308.060546875,339.9700012207031,0.17844985024726903,SITTING_ON_BED,rule,SITTING_ON_BED,SITTING_ON_BED,SITTING_ON_BED,SITTING_ON_BED
21.5,645,1,True,False,12.0,0.8918570876121521,16.0,82.37935638427734,90.83258819580078,True,0.732575709210787,316.80548095703125,309.0989990234375,346.0164794921875,0.12427706251928694,SITTING_ON_BED,rule,SITTING_ON_BED,SITTING_ON_BED,SITTING_ON_BED,SITTING_ON_BED
22.0,660,1,True,False,12.0,0.9217872619628906,16.0,85.14691925048828,106.82329559326172,True,0.722508330226701,315.7974548339844,299.652099609375,354.3434143066406,0.05967075369945899,SITTING_ON_BED,rule,SITTING_ON_BED,SITTING_ON_BED,SITTING_ON_BED,SITTING_ON_BED
22.5,675,1,True,False,12.0,0.9290695786476135,16.0,84.21002960205078,101.93920135498047,True,0.7150107031371971,320.69305419921875,295.8162841796875,361.2925109863281,0.03408898093126115,SITTING_ON_BED,rule,SITTING_ON_BED,SITTING_ON_BED,SITTING_ON_BED,SITTING_ON_BED
23.0,690,1,True,False,12.0,0.9337975978851318,16.0,88.18275451660156,104.85202026367188,True,0.7060694406971231,316.11669921875,292.21636962890625,367.7257080078125,0.03990656240780344,SITTING_ON_BED,rule,SITTING_ON_BED,SITTING_ON_BED,SITTING_ON_BED,SITTING_ON_BED
23.5,705,1,True,False,12.0,0.9331173300743103,16.0,88.58943176269531,104.11560821533203,True,0.710903672383637,315.50421142578125,294.11029052734375,372.04229736328125,0.02559892963854893,SITTING_ON_BED,rule,SITTING_ON_BED,SITTING_ON_BED,SITTING_ON_BED,SITTING_ON_BED
24.0,720,1,True,False,12.0,0.9233192205429077,15.0,89.04608154296875,108.3112564086914,True,0.7291571574185387,322.6732177734375,291.8250732421875,368.53790283203125,0.027734105848969084,SITTING_ON_BED,rule,SITTING_ON_BED,SITTING_ON_BED,SITTING_ON_BED,STANDING
24.5,735,1,True,False,12.0,0.8896139860153198,14.0,59.83285140991211,85.31816864013672,True,0.8202980289246007,343.7340087890625,313.99945068359375,339.20745849609375,0.07728293935400096,SITTING_ON_BED,rule,SITTING_ON_BED,SITTING_ON_BED,SITTING_ON_BED,STANDING
25.0,750,1,True,False,12.0,0.9250404238700867,15.0,30.25818634033203,92.80635833740234,True,0.7505179275794024,293.8614807128906,273.88702392578125,329.664306640625,0.20314509091176702,LYING_IN_BED,rule,SITTING_ON_BED,SITTING_ON_BED,SITTING_ON_BED,STANDING
25.5,765,1,True,False,12.0,0.7392475605010986,14.0,44.394840240478516,137.47100830078125,True,0.5308254659481321,224.49180603027344,177.6348876953125,417.2859802246094,0.3790839845418185,UNKNOWN,ambiguous_posture,SITTING_ON_BED,SITTING_ON_BED,SITTING_ON_BED,STANDING
26.0,780,1,True,False,12.0,0.5698111653327942,15.0,74.92721557617188,175.12173461914062,True,0.48963636405502775,164.39187622070312,195.2796630859375,447.43798828125,0.4123053908246759,SITTING_ON_BED,rule,SITTING_ON_BED,SITTING_ON_BED,SITTING_ON_BED,STANDING
26.5,795,1,True,False,12.0,0.7550824284553528,15.0,79.04005432128906,164.31130981445312,True,0.47245403602193664,144.65875244140625,195.22552490234375,459.9825439453125,0.3114763692371187,SITTING_ON_BED,rule,SITTING_ON_BED,SITTING_ON_BED,SITTING_ON_BED,STANDING
27.0,810,1,True,False,12.0,0.8708163499832153,15.0,81.64408874511719,167.863525390625,True,0.4682748075414634,146.1442108154297,209.5999755859375,462.606689453125,0.14275164580242164,SITTING_ON_BED,rule,SITTING_ON_BED,SITTING_ON_BED,SITTING_ON_BED,
