t,frame_idx,people,box_conf,visible_kp,torso_angle,knee_angle,hip_in_bed,hip_x,hip_y,box_h,speed,raw_state,smoothed,bed_status,gt,agent_state,final
0.0,0,2,0.9100303649902344,14.0,89.30924987792969,84.41458129882812,True,366.4888916015625,344.8382263183594,303.498046875,,SITTING_ON_BED,LYING_IN_BED,in,LYING_IN_BED,LYING_IN_BED,LYING_IN_BED
0.5,15,1,0.7344523668289185,15.0,22.023244857788086,122.93446350097656,True,351.9822998046875,282.9686279296875,245.57208251953125,0.5175468489645528,LYING_IN_BED,LYING_IN_BED,in,LYING_IN_BED,LYING_IN_BED,LYING_IN_BED
1.0,30,1,0.8501510620117188,15.0,22.156272888183594,141.2415008544922,True,351.8460693359375,287.7347412109375,267.0809020996094,0.27662591709159956,LYING_IN_BED,LYING_IN_BED,in,LYING_IN_BED,LYING_IN_BED,LYING_IN_BED
1.5,45,1,0.7630456686019897,13.0,36.58708953857422,,True,340.28363037109375,301.9359130859375,254.52883911132812,0.2323828355883997,UNKNOWN,LYING_IN_BED,in,LYING_IN_BED,LYING_IN_BED,LYING_IN_BED
2.0,60,1,0.7151268124580383,14.0,21.443557739257812,154.0247039794922,True,325.89013671875,295.14111328125,200.69589233398438,0.11273898609396042,LYING_IN_BED,LYING_IN_BED,in,LYING_IN_BED,LYING_IN_BED,LYING_IN_BED
2.5,75,1,0.5742180347442627,15.0,11.15081787109375,135.76803588867188,True,326.43951416015625,282.92071533203125,179.16827392578125,0.14635409021201812,LYING_IN_BED,LYING_IN_BED,in,LYING_IN_BED,LYING_IN_BED,LYING_IN_BED
3.0,90,1,0.7966183423995972,15.0,16.6095027923584,146.6426239013672,True,347.83917236328125,291.10089111328125,252.20510864257812,0.158947277813458,LYING_IN_BED,LYING_IN_BED,in,LYING_IN_BED,LYING_IN_BED,LYING_IN_BED
3.5,105,1,0.7896581292152405,15.0,22.960895538330078,141.23770141601562,True,355.97589111328125,290.30517578125,249.93228149414062,0.1278828418172447,LYING_IN_BED,LYING_IN_BED,in,LYING_IN_BED,LYING_IN_BED,LYING_IN_BED
4.0,120,1,0.8096819519996643,15.0,25.754655838012695,138.43968200683594,True,345.9313049316406,293.86602783203125,242.970703125,0.11160713540884933,LYING_IN_BED,LYING_IN_BED,in,LYING_IN_BED,LYING_IN_BED,LYING_IN_BED
4.5,135,1,0.8224618434906006,15.0,26.109270095825195,97.08297729492188,True,340.99365234375,303.1466369628906,163.52374267578125,0.09390609867010069,LYING_IN_BED,LYING_IN_BED,in,LYING_IN_BED,LYING_IN_BED,LYING_IN_BED
5.0,150,1,0.6984023451805115,10.0,40.236663818359375,,True,359.84710693359375,335.27984619140625,153.3378448486328,0.23407581416633602,UNKNOWN,LYING_IN_BED,in,LYING_IN_BED,LYING_IN_BED,LYING_IN_BED
5.5,165,1,0.25232377648353577,12.0,9.854447364807129,,True,339.0550537109375,330.86395263671875,122.37625122070312,0.32062962476282036,LYING_IN_BED,LYING_IN_BED,in,LYING_IN_BED,LYING_IN_BED,LYING_IN_BED
6.0,180,1,0.42820805311203003,9.0,81.01538848876953,,True,402.0464172363281,319.598876953125,228.79116821289062,0.46423229626475865,SITTING_ON_BED,SITTING_ON_BED,in,LYING_IN_BED,SITTING_ON_BED,SITTING_ON_BED
6.5,195,1,0.834698498249054,9.0,77.36725616455078,,True,344.40576171875,311.62158203125,216.36712646484375,0.48154944343032574,SITTING_ON_BED,SITTING_ON_BED,in,LYING_IN_BED,SITTING_ON_BED,SITTING_ON_BED
7.0,210,1,0.8709084987640381,9.0,78.02056884765625,,True,328.246826171875,307.03778076171875,231.83688354492188,0.41405433867267866,SITTING_ON_BED,SITTING_ON_BED,in,LYING_IN_BED,SITTING_ON_BED,SITTING_ON_BED
7.5,225,1,0.7655859589576721,10.0,87.32164001464844,,True,326.32049560546875,319.99981689453125,239.1485137939453,0.26412465773492266,SITTING_ON_BED,SITTING_ON_BED,in,LYING_IN_BED,SITTING_ON_BED,SITTING_ON_BED
8.0,240,1,0.9023206233978271,9.0,89.68807983398438,,True,349.1512451171875,342.65655517578125,205.91526794433594,0.1889663279873668,SITTING_ON_BED,SITTING_ON_BED,in,LYING_IN_BED,SITTING_ON_BED,SITTING_ON_BED
8.5,255,1,0.5104383230209351,10.0,46.085086822509766,,True,319.389892578125,335.7047119140625,170.77735900878906,0.2599739357175322,UNKNOWN,SITTING_ON_BED,in,LYING_IN_BED,SITTING_ON_BED,SITTING_ON_BED
9.0,270,1,0.5227606296539307,7.0,,,,,,206.8751220703125,0.33516485514498795,UNKNOWN,SITTING_ON_BED,in,LYING_IN_BED,SITTING_ON_BED,SITTING_ON_BED
9.5,285,1,0.6777511239051819,13.0,5.851600170135498,,True,322.7760009765625,297.16949462890625,149.7677764892578,0.35792211905464144,LYING_IN_BED,SITTING_ON_BED,in,LYING_IN_BED,SITTING_ON_BED,SITTING_ON_BED
10.0,300,1,0.5313955545425415,14.0,14.449960708618164,75.40099334716797,True,345.88897705078125,336.17498779296875,129.28341674804688,0.7013915185738949,LYING_IN_BED,SITTING_ON_BED,in,LYING_IN_BED,SITTING_ON_BED,SITTING_ON_BED
10.5,315,1,0.49532222747802734,2.0,,,,,,206.4817352294922,0.7013915185738949,UNKNOWN,UNKNOWN,in,LYING_IN_BED,LYING_OUTSIDE_BED,LYING_OUTSIDE_BED
11.0,330,0,,0.0,,,,,,,0.7013915185738949,UNKNOWN,UNKNOWN,in,LYING_IN_BED,LYING_OUTSIDE_BED,LYING_OUTSIDE_BED
11.5,345,1,0.5061827301979065,6.0,,,,,,209.05838012695312,,UNKNOWN,UNKNOWN,in,LYING_IN_BED,LYING_OUTSIDE_BED,LYING_OUTSIDE_BED
12.0,360,0,,0.0,,,,,,,,UNKNOWN,UNKNOWN,in,LYING_IN_BED,LYING_OUTSIDE_BED,LYING_OUTSIDE_BED
12.5,375,1,0.3686799108982086,12.0,56.16714859008789,,True,359.07659912109375,276.7986755371094,230.3385772705078,,SITTING_ON_BED,UNKNOWN,in,LYING_IN_BED,LYING_OUTSIDE_BED,LYING_OUTSIDE_BED
13.0,390,1,0.32324084639549255,16.0,26.79802894592285,,True,334.17498779296875,326.01947021484375,188.9552459716797,0.5838564676153083,LYING_IN_BED,LYING_IN_BED,in,LYING_IN_BED,LYING_IN_BED,LYING_IN_BED
13.5,405,1,0.29728278517723083,14.0,10.354976654052734,,True,309.13323974609375,352.45074462890625,192.34117126464844,0.48122822908419177,LYING_IN_BED,LYING_IN_BED,in,LYING_IN_BED,LYING_IN_BED,LYING_IN_BED
14.0,420,1,0.2595318853855133,14.0,14.585735321044922,,True,298.5857849121094,340.8208923339844,209.1262969970703,0.37086956517417097,LYING_IN_BED,LYING_IN_BED,in,LYING_IN_BED,LYING_IN_BED,LYING_IN_BED
14.5,435,0,,0.0,,,,,,,0.26437611395360233,UNKNOWN,UNKNOWN,in,LYING_IN_BED,LYING_OUTSIDE_BED,LYING_OUTSIDE_BED
15.0,450,1,0.4188777208328247,0.0,,,,,,183.80859375,0.1501522373541294,UNKNOWN,UNKNOWN,in,LYING_IN_BED,LYING_OUTSIDE_BED,LYING_OUTSIDE_BED
15.5,465,0,,0.0,,,,,,,,UNKNOWN,UNKNOWN,in,LYING_IN_BED,LYING_OUTSIDE_BED,LYING_OUTSIDE_BED
16.0,480,0,,0.0,,,,,,,,UNKNOWN,UNKNOWN,in,LYING_IN_BED,LYING_OUTSIDE_BED,LYING_OUTSIDE_BED
16.5,495,0,,0.0,,,,,,,,UNKNOWN,UNKNOWN,in,LYING_IN_BED,LYING_OUTSIDE_BED,LYING_OUTSIDE_BED
17.0,510,0,,0.0,,,,,,,,UNKNOWN,UNKNOWN,in,LYING_IN_BED,LYING_OUTSIDE_BED,LYING_OUTSIDE_BED
17.5,525,1,0.3153945803642273,9.0,16.88085174560547,,True,355.61712646484375,370.40142822265625,128.17337036132812,,LYING_IN_BED,UNKNOWN,in,LYING_IN_BED,LYING_OUTSIDE_BED,LYING_OUTSIDE_BED
18.0,540,0,,0.0,,,,,,,,UNKNOWN,UNKNOWN,in,SITTING_ON_BED,LYING_OUTSIDE_BED,LYING_OUTSIDE_BED
18.5,555,2,0.34390172362327576,10.0,34.140724182128906,,True,329.2861328125,349.68560791015625,170.20529174804688,,LYING_IN_BED,UNKNOWN,in,SITTING_ON_BED,LYING_OUTSIDE_BED,LYING_OUTSIDE_BED
19.0,570,1,0.5240548849105835,10.0,37.58243942260742,,True,262.8793029785156,324.67156982421875,230.35601806640625,0.6161049740876694,UNKNOWN,UNKNOWN,in,SITTING_ON_BED,LYING_OUTSIDE_BED,LYING_OUTSIDE_BED
19.5,585,1,0.4206913709640503,10.0,83.9986572265625,,True,327.8916015625,331.1495666503906,256.12298583984375,0.5631418284547219,SITTING_ON_BED,SITTING_ON_BED,in,SITTING_ON_BED,SITTING_ON_BED,SITTING_ON_BED
20.0,600,1,0.8981920480728149,15.0,77.85967254638672,96.60706329345703,True,314.0573425292969,298.70086669921875,310.5729064941406,0.45114753108460715,SITTING_ON_BED,SITTING_ON_BED,in,SITTING_ON_BED,SITTING_ON_BED,SITTING_ON_BED
20.5,615,1,0.791626513004303,12.0,85.01998138427734,,True,337.1666259765625,313.3866882324219,221.311279296875,0.32825994106039325,SITTING_ON_BED,SITTING_ON_BED,in,SITTING_ON_BED,SITTING_ON_BED,SITTING_ON_BED
21.0,630,1,0.8392672538757324,16.0,88.46268463134766,98.2216796875,True,319.03485107421875,308.060546875,345.5128173828125,0.19466378023083955,SITTING_ON_BED,SITTING_ON_BED,in,SITTING_ON_BED,SITTING_ON_BED,SITTING_ON_BED
21.5,645,1,0.8918570876121521,16.0,82.37935638427734,90.83258819580078,True,316.80548095703125,309.0989990234375,347.22247314453125,0.12366611130408632,SITTING_ON_BED,SITTING_ON_BED,in,SITTING_ON_BED,SITTING_ON_BED,SITTING_ON_BED
22.0,660,1,0.9217872619628906,16.0,85.14691925048828,106.82329559326172,True,315.7974548339844,299.652099609375,356.6143798828125,0.05894597587463953,SITTING_ON_BED,SITTING_ON_BED,in,SITTING_ON_BED,SITTING_ON_BED,SITTING_ON_BED
22.5,675,1,0.9290695786476135,16.0,84.21002960205078,101.93920135498047,True,320.69305419921875,295.8162841796875,364.5252380371094,0.033856922581186076,SITTING_ON_BED,SITTING_ON_BED,in,SITTING_ON_BED,SITTING_ON_BED,SITTING_ON_BED
23.0,690,1,0.9337975978851318,16.0,88.18275451660156,104.85202026367188,True,316.11669921875,292.21636962890625,370.4112854003906,0.03961442803013455,SITTING_ON_BED,SITTING_ON_BED,in,SITTING_ON_BED,SITTING_ON_BED,SITTING_ON_BED
23.5,705,1,0.9331173300743103,16.0,88.58943176269531,104.11560821533203,True,315.50421142578125,294.11029052734375,373.3113708496094,0.025408496543263215,SITTING_ON_BED,SITTING_ON_BED,in,SITTING_ON_BED,SITTING_ON_BED,SITTING_ON_BED
24.0,720,1,0.9233192205429077,15.0,89.04608154296875,108.3112564086914,True,322.6732177734375,291.8250732421875,365.4838562011719,0.027759185046756927,SITTING_ON_BED,SITTING_ON_BED,in,STANDING,SITTING_ON_BED,SITTING_ON_BED
24.5,735,1,0.8896139860153198,14.0,59.83285140991211,85.31816864013672,True,343.7340087890625,313.99945068359375,323.03643798828125,0.08039336698980927,SITTING_ON_BED,SITTING_ON_BED,in,STANDING,SITTING_ON_BED,SITTING_ON_BED
25.0,750,1,0.9250404238700867,15.0,30.25818634033203,92.80635833740234,True,293.8614807128906,273.88702392578125,325.90985107421875,0.20775865502423593,LYING_IN_BED,SITTING_ON_BED,in,STANDING,SITTING_ON_BED,SITTING_ON_BED
25.5,765,1,0.7392475605010986,14.0,44.394840240478516,137.47100830078125,True,224.49180603027344,177.6348876953125,459.51934814453125,0.36616268760984266,UNKNOWN,SITTING_ON_BED,in,STANDING,SITTING_ON_BED,SITTING_ON_BED
26.0,780,2,0.5698111653327942,15.0,74.92721557617188,175.12173461914062,True,164.39187622070312,195.2796630859375,460.4500427246094,0.3937379327707747,SITTING_ON_BED,SITTING_ON_BED,in,STANDING,SITTING_ON_BED,SITTING_ON_BED
26.5,795,1,0.7550824284553528,15.0,79.04005432128906,164.31130981445312,True,144.65875244140625,195.22552490234375,460.38726806640625,0.29139275798594766,SITTING_ON_BED,SITTING_ON_BED,in,STANDING,SITTING_ON_BED,SITTING_ON_BED
27.0,810,1,0.8708163499832153,15.0,81.64408874511719,167.863525390625,True,146.1442108154297,209.5999755859375,462.7849426269531,0.1400811357838286,SITTING_ON_BED,SITTING_ON_BED,in,,SITTING_ON_BED,SITTING_ON_BED
